time,position,speed,action
0,21.112,0.0,Actions.deceleration
1,21.112,0,Actions.deceleration
2,21.112,0,Actions.deceleration
3,21.112,0,Actions.deceleration
4,21.112,0,Actions.deceleration
5,21.112,0,Actions.acceleration
6,21.112448,3.17,Actions.acceleration
7,21.113752,6.17,Actions.acceleration
8,21.115867,9.01,Actions.acceleration
9,21.118752,11.71,Actions.acceleration
10,21.122365,14.26,Actions.acceleration
11,21.126668,16.68,Actions.acceleration
12,21.131626,18.97,Actions.acceleration
13,21.137203,21.14,Actions.acceleration
14,21.143368,23.2,Actions.acceleration
15,21.150088,25.15,Actions.acceleration
16,21.157335,26.99,Actions.acceleration
17,21.16508,28.74,Actions.acceleration
18,21.173298,30.39,Actions.acceleration
19,21.181963,31.96,Actions.acceleration
20,21.191043,33.39,Actions.acceleration
21,21.200509,34.74,Actions.acceleration
22,21.210341,36.02,Actions.acceleration
23,21.220518,37.23,Actions.acceleration
24,21.231028,38.43,Actions.acceleration
25,21.24186,39.54,Actions.acceleration
26,21.252991,40.59,Actions.acceleration
27,21.264406,41.58,Actions.acceleration
28,21.27609,42.53,Actions.acceleration
29,21.288035,43.47,Actions.acceleration
30,21.300242,44.41,Actions.acceleration
31,21.312707,45.33,Actions.acceleration
32,21.325427,46.24,Actions.acceleration
33,21.338397,47.13,Actions.acceleration
34,21.351613,48.01,Actions.acceleration
35,21.365071,48.87,Actions.acceleration
36,21.378767,49.72,Actions.acceleration
37,21.392696,50.56,Actions.acceleration
38,21.406856,51.38,Actions.acceleration
39,21.421241,52.18,Actions.acceleration
40,21.435848,52.98,Actions.acceleration
41,21.450674,53.76,Actions.acceleration
42,21.465714,54.52,Actions.acceleration
43,21.480965,55.28,Actions.acceleration
44,21.496423,56.01,Actions.acceleration
45,21.512098,56.87,Actions.acceleration
46,21.528017,57.74,Actions.acceleration
47,21.544177,58.6,Actions.acceleration
48,21.560572,59.44,Actions.acceleration
49,21.5772,60.27,Actions.acceleration
50,21.594056,61.08,Actions.acceleration
51,21.611136,61.88,Actions.acceleration
52,21.628437,62.67,Actions.acceleration
53,21.645954,63.44,Actions.coasting
54,21.663558,63.27,Actions.coasting
55,21.681103,63.05,Actions.coasting
56,21.698587,62.83,Actions.acceleration
57,21.716116,63.37,Actions.coasting
58,21.733686,63.15,Actions.coasting
59,21.751196,62.92,Actions.acceleration
60,21.76875,63.46,Actions.coasting
61,21.786345,63.24,Actions.coasting
62,21.80388,63.01,Actions.coasting
63,21.821353,62.79,Actions.acceleration
64,21.838871,63.33,Actions.coasting
65,21.856431,63.11,Actions.coasting
66,21.87393,62.89,Actions.acceleration
67,21.891474,63.42,Actions.coasting
68,21.909059,63.2,Actions.coasting
69,21.926584,62.98,Actions.acceleration
70,21.944152,63.51,Actions.coasting
71,21.961763,63.29,Actions.coasting
72,21.979312,63.07,Actions.coasting
73,21.996799,62.85,Actions.acceleration
74,22.014331,63.38,Actions.coasting
75,22.031906,63.16,Actions.coasting
76,22.049419,62.94,Actions.acceleration
77,22.066977,63.47,Actions.coasting
78,22.084576,63.25,Actions.coasting
79,22.102114,63.03,Actions.coasting
80,22.119591,62.81,Actions.acceleration
81,22.137112,63.34,Actions.coasting
82,22.154676,63.12,Actions.coasting
83,22.172179,62.9,Actions.acceleration
84,22.189726,63.43,Actions.coasting
85,22.207315,63.21,Actions.coasting
86,22.224843,62.99,Actions.acceleration
87,22.242415,63.52,Actions.coasting
88,22.260029,63.3,Actions.coasting
89,22.277581,63.08,Actions.coasting
90,22.295072,62.86,Actions.acceleration
91,22.312576,63.08,Actions.coasting
92,22.330006,62.42,Actions.acceleration
93,22.34736,62.53,Actions.acceleration
94,22.364743,62.63,Actions.acceleration
95,22.382154,62.73,Actions.acceleration
96,22.399593,62.83,Actions.acceleration
97,22.417059,62.93,Actions.acceleration
98,22.434553,63.02,Actions.coasting
99,22.451967,62.36,Actions.acceleration
100,22.469305,62.47,Actions.acceleration
101,22.486673,62.57,Actions.acceleration
102,22.504072,62.78,Actions.acceleration
103,22.521586,63.31,Actions.coasting
104,22.539142,63.09,Actions.coasting
105,22.556637,62.87,Actions.acceleration
106,22.574176,63.41,Actions.coasting
107,22.591758,63.18,Actions.coasting
108,22.609278,62.96,Actions.coasting
109,22.626736,62.74,Actions.coasting
110,22.644134,62.52,Actions.coasting
111,22.661471,62.3,Actions.coasting
112,22.678747,62.09,Actions.coasting
113,22.695962,61.87,Actions.coasting
114,22.7131,61.49,Actions.acceleration
115,22.730229,61.83,Actions.coasting
116,22.747344,61.4,Actions.coasting
117,22.76434,60.97,Actions.coasting
118,22.781217,60.54,Actions.coasting
119,22.797975,60.12,Actions.coasting
120,22.814615,59.69,Actions.coasting
121,22.831136,59.27,Actions.coasting
122,22.847541,58.85,Actions.coasting
123,22.863827,58.42,Actions.coasting
124,22.879998,58.01,Actions.coasting
125,22.896052,57.59,Actions.coasting
126,22.911989,57.17,Actions.coasting
127,22.927812,56.75,Actions.deceleration
128,22.943397,55.48,Actions.deceleration
129,22.958629,54.2,Actions.deceleration
130,22.973508,52.94,Actions.deceleration
131,22.988035,51.67,Actions.deceleration
132,23.002212,50.41,Actions.deceleration
133,23.016038,49.15,Actions.deceleration
134,23.029516,47.9,Actions.deceleration
135,23.042646,46.65,Actions.deceleration
136,23.05543,45.4,Actions.deceleration
137,23.067868,44.16,Actions.deceleration
138,23.079961,42.92,Actions.deceleration
139,23.09171,41.69,Actions.deceleration
140,23.103115,40.42,Actions.coasting
141,23.114277,39.95,Actions.coasting
142,23.125307,39.47,Actions.deceleration
143,23.136084,38.14,Actions.deceleration
144,23.14649,36.8,Actions.deceleration
145,23.156527,35.47,Actions.deceleration
146,23.166194,34.15,Actions.deceleration
147,23.175493,32.82,Actions.deceleration
148,23.184425,31.5,Actions.deceleration
149,23.19299,30.18,Actions.deceleration
150,23.20119,28.87,Actions.deceleration
151,23.209025,27.56,Actions.deceleration
152,23.216495,26.25,Actions.deceleration
153,23.223602,24.94,Actions.deceleration
154,23.230346,23.63,Actions.deceleration
155,23.236728,22.33,Actions.deceleration
156,23.242748,21.03,Actions.deceleration
157,23.248407,19.73,Actions.deceleration
158,23.253707,18.44,Actions.deceleration
159,23.258646,17.14,Actions.deceleration
160,23.263226,15.85,Actions.deceleration
161,23.267448,14.56,Actions.deceleration
162,23.271312,13.27,Actions.deceleration
163,23.274818,11.99,Actions.deceleration
164,23.277967,10.7,Actions.deceleration
165,23.280759,9.42,Actions.deceleration
166,23.283195,8.14,Actions.deceleration
167,23.285276,6.86,Actions.deceleration
168,23.287001,5.58,Actions.deceleration
169,23.288371,4.3,Actions.deceleration
170,23.289386,3.02,Actions.deceleration
171,23.290047,1.75,Actions.deceleration
172,23.290354,0.48,Actions.deceleration
173,23.290378,0,Actions.deceleration
174,23.290378,0,Actions.deceleration
175,23.290378,0,Actions.deceleration
176,23.290378,0,Actions.deceleration
177,23.290378,0,Actions.deceleration
178,23.290378,0,Actions.deceleration
179,23.290378,0,Actions.deceleration
180,23.290378,0,Actions.deceleration
181,23.290378,0,Actions.deceleration
182,23.290378,0,Actions.deceleration
183,23.290378,0,Actions.deceleration
184,23.290378,0,Actions.deceleration
185,23.290378,0,Actions.deceleration
186,23.290378,0,Actions.deceleration
187,23.290378,0,Actions.deceleration
188,23.290378,0,Actions.deceleration
189,23.290378,0,Actions.deceleration
190,23.290378,0,Actions.deceleration
191,23.290378,0,Actions.deceleration
192,23.290378,0,Actions.deceleration
193,23.290378,0,Actions.deceleration
194,23.290378,0,Actions.deceleration
195,23.290378,0,Actions.deceleration
196,23.290378,0,Actions.deceleration
197,23.290378,0,Actions.deceleration
198,23.290378,0,Actions.deceleration
199,23.290378,0,Actions.deceleration
200,23.290378,0,Actions.deceleration
201,23.290378,0,Actions.deceleration
202,23.290378,0,Actions.deceleration
203,23.290378,0,Actions.deceleration
204,23.290378,0,Actions.deceleration
205,23.290378,0,Actions.deceleration
206,23.290378,0,Actions.deceleration
207,23.290378,0,Actions.deceleration
208,23.290378,0,Actions.deceleration
209,23.290378,0,Actions.deceleration
210,23.290378,0,Actions.deceleration
211,23.290378,0,Actions.deceleration
212,23.290378,0,Actions.deceleration
213,23.290378,0,Actions.deceleration
214,23.290378,0,Actions.deceleration
215,23.290378,0,Actions.deceleration
216,23.290378,0,Actions.deceleration
217,23.290378,0,Actions.acceleration
218,23.290771,2.78,Actions.acceleration
219,23.291916,5.41,Actions.acceleration
220,23.293771,7.91,Actions.acceleration
221,23.296302,10.27,Actions.acceleration
222,23.299472,12.51,Actions.acceleration
223,23.30324,14.57,Actions.acceleration
224,23.307562,16.51,Actions.acceleration
225,23.312408,18.35,Actions.acceleration
226,23.317751,20.09,Actions.acceleration
227,23.323565,21.74,Actions.acceleration
228,23.329824,23.3,Actions.acceleration
229,23.336505,24.78,Actions.acceleration
230,23.343587,26.18,Actions.acceleration
231,23.351047,27.51,Actions.acceleration
232,23.358865,28.76,Actions.acceleration
233,23.367023,29.95,Actions.acceleration
234,23.375502,31.08,Actions.acceleration
235,23.384286,32.14,Actions.acceleration
236,23.393358,33.15,Actions.acceleration
237,23.402702,34.11,Actions.acceleration
238,23.412305,35.01,Actions.acceleration
239,23.422152,35.87,Actions.acceleration
240,23.432231,36.68,Actions.acceleration
241,23.442529,37.45,Actions.acceleration
242,23.453034,38.17,Actions.acceleration
243,23.463735,38.86,Actions.acceleration
244,23.474622,39.51,Actions.acceleration
245,23.485685,40.13,Actions.acceleration
246,23.496914,40.71,Actions.acceleration
247,23.508301,41.26,Actions.acceleration
248,23.519836,41.78,Actions.acceleration
249,23.531513,42.28,Actions.acceleration
250,23.543326,42.77,Actions.acceleration
251,23.555273,43.25,Actions.acceleration
252,23.567353,43.72,Actions.acceleration
253,23.57956,44.16,Actions.acceleration
254,23.591887,44.59,Actions.acceleration
255,23.604332,45.01,Actions.acceleration
256,23.616893,45.42,Actions.acceleration
257,23.629568,45.83,Actions.acceleration
258,23.642355,46.23,Actions.acceleration
259,23.655252,46.62,Actions.acceleration
260,23.668257,47.01,Actions.acceleration
261,23.681369,47.39,Actions.acceleration
262,23.694585,47.76,Actions.acceleration
263,23.707905,48.13,Actions.acceleration
264,23.721325,48.49,Actions.acceleration
265,23.734845,48.85,Actions.acceleration
266,23.748463,49.2,Actions.acceleration
267,23.762177,49.54,Actions.acceleration
268,23.775986,49.89,Actions.acceleration
269,23.789894,50.25,Actions.acceleration
270,23.803902,50.6,Actions.acceleration
271,23.818007,50.95,Actions.acceleration
272,23.832207,51.29,Actions.acceleration
273,23.846502,51.63,Actions.acceleration
274,23.860888,51.96,Actions.acceleration
275,23.875366,52.28,Actions.acceleration
276,23.889933,52.6,Actions.acceleration
277,23.904588,52.91,Actions.acceleration
278,23.919329,53.22,Actions.acceleration
279,23.934155,53.52,Actions.acceleration
280,23.949065,53.82,Actions.acceleration
281,23.964056,54.11,Actions.acceleration
282,23.979128,54.4,Actions.acceleration
283,23.994278,54.68,Actions.acceleration
284,24.009507,54.96,Actions.acceleration
285,24.024812,55.23,Actions.acceleration
286,24.040193,55.5,Actions.acceleration
287,24.055647,55.77,Actions.acceleration
288,24.071174,56.02,Actions.acceleration
289,24.086772,56.28,Actions.acceleration
290,24.10244,56.53,Actions.acceleration
291,24.118177,56.78,Actions.acceleration
292,24.133982,57.02,Actions.acceleration
293,24.149853,57.25,Actions.acceleration
294,24.16579,57.49,Actions.acceleration
295,24.181791,57.72,Actions.acceleration
296,24.197855,57.94,Actions.acceleration
297,24.213982,58.16,Actions.acceleration
298,24.230169,58.38,Actions.acceleration
299,24.246416,58.6,Actions.acceleration
300,24.262722,58.81,Actions.acceleration
301,24.279086,59.01,Actions.acceleration
302,24.295507,59.22,Actions.acceleration
303,24.312019,59.76,Actions.acceleration
304,24.328714,60.43,Actions.acceleration
305,24.345592,61.09,Actions.acceleration
306,24.362652,61.73,Actions.acceleration
307,24.379887,62.34,Actions.acceleration
308,24.397281,62.89,Actions.acceleration
309,24.414827,63.44,Actions.coasting
310,24.432423,63.27,Actions.coasting
311,24.449968,63.06,Actions.coasting
312,24.467455,62.87,Actions.acceleration
313,24.485005,63.48,Actions.coasting
314,24.50262,63.34,Actions.coasting
315,24.520195,63.2,Actions.coasting
316,24.537731,63.06,Actions.coasting
317,24.555229,62.92,Actions.acceleration
318,24.572793,63.54,Actions.coasting
319,24.590422,63.39,Actions.coasting
320,24.608012,63.25,Actions.coasting
321,24.625563,63.11,Actions.coasting
322,24.643074,62.97,Actions.acceleration
323,24.660653,63.59,Actions.coasting
324,24.678296,63.44,Actions.coasting
325,24.6959,63.3,Actions.coasting
326,24.713464,63.16,Actions.coasting
327,24.73099,63.02,Actions.coasting
328,24.748467,62.81,Actions.acceleration
329,24.765992,63.36,Actions.coasting
330,24.783562,63.15,Actions.coasting
331,24.801073,62.94,Actions.acceleration
332,24.818635,63.52,Actions.coasting
333,24.836258,63.37,Actions.coasting
334,24.853843,63.23,Actions.coasting
335,24.871388,63.09,Actions.coasting
336,24.888894,62.95,Actions.acceleration
337,24.906467,63.57,Actions.coasting
338,24.924102,63.39,Actions.coasting
339,24.941685,63.21,Actions.coasting
340,24.959216,63.02,Actions.coasting
341,24.976694,62.83,Actions.acceleration
342,24.994228,63.4,Actions.coasting
343,25.011813,63.21,Actions.coasting
344,25.029345,63.03,Actions.coasting
345,25.046826,62.84,Actions.acceleration
346,25.064362,63.41,Actions.coasting
347,25.081948,63.22,Actions.coasting
348,25.099483,63.03,Actions.coasting
349,25.116966,62.85,Actions.acceleration
350,25.134503,63.41,Actions.coasting
351,25.152092,63.23,Actions.coasting
352,25.169629,63.05,Actions.coasting
353,25.187124,62.91,Actions.acceleration
354,25.204689,63.6,Actions.coasting
355,25.222372,63.73,Actions.coasting
356,25.240092,63.86,Actions.coasting
357,25.257848,63.98,Actions.coasting
358,25.275639,64.11,Actions.coasting
359,25.293466,64.24,Actions.coasting
360,25.311328,64.37,Actions.coasting
361,25.329226,64.49,Actions.coasting
362,25.347158,64.62,Actions.coasting
363,25.365126,64.75,Actions.coasting
364,25.383128,64.87,Actions.coasting
365,25.401166,65.0,Actions.coasting
366,25.419238,65.12,Actions.coasting
367,25.437344,65.24,Actions.coasting
368,25.455485,65.37,Actions.coasting
369,25.47366,65.49,Actions.coasting
370,25.491869,65.61,Actions.coasting
371,25.510116,65.78,Actions.coasting
372,25.528419,65.99,Actions.coasting
373,25.54678,66.2,Actions.coasting
374,25.565199,66.41,Actions.coasting
375,25.583676,66.62,Actions.coasting
376,25.60221,66.83,Actions.coasting
377,25.620802,67.03,Actions.deceleration
378,25.639329,66.37,Actions.coasting
379,25.657795,66.58,Actions.coasting
380,25.676319,66.79,Actions.coasting
381,25.6949,66.99,Actions.coasting
382,25.713538,67.2,Actions.deceleration
383,25.732112,66.54,Actions.coasting
384,25.750625,66.75,Actions.coasting
385,25.769195,66.95,Actions.coasting
386,25.787822,67.16,Actions.deceleration
387,25.806385,66.5,Actions.coasting
388,25.824887,66.71,Actions.coasting
389,25.843446,66.91,Actions.coasting
390,25.862062,67.12,Actions.deceleration
391,25.880615,66.46,Actions.coasting
392,25.899106,66.67,Actions.coasting
393,25.917654,66.88,Actions.coasting
394,25.936259,67.08,Actions.deceleration
395,25.954798,66.39,Actions.coasting
396,25.973258,66.52,Actions.coasting
397,25.991757,66.66,Actions.coasting
398,26.010293,66.8,Actions.coasting
399,26.028866,66.93,Actions.coasting
400,26.047478,67.07,Actions.deceleration
401,26.066005,66.34,Actions.coasting
402,26.084452,66.48,Actions.coasting
403,26.102937,66.61,Actions.coasting
404,26.12146,66.75,Actions.coasting
405,26.140021,66.89,Actions.coasting
406,26.158619,67.02,Actions.deceleration
407,26.177134,66.29,Actions.coasting
408,26.195567,66.43,Actions.coasting
409,26.214039,66.57,Actions.coasting
410,26.232549,66.7,Actions.coasting
411,26.251106,66.91,Actions.coasting
412,26.269721,67.11,Actions.deceleration
413,26.288271,66.46,Actions.coasting
414,26.30676,66.66,Actions.coasting
415,26.325306,66.87,Actions.coasting
416,26.343909,67.07,Actions.deceleration
417,26.362449,66.42,Actions.coasting
418,26.380927,66.62,Actions.coasting
419,26.399463,66.83,Actions.coasting
420,26.418052,66.99,Actions.coasting
421,26.436681,67.13,Actions.deceleration
422,26.455226,66.4,Actions.coasting
423,26.47369,66.54,Actions.coasting
424,26.492192,66.67,Actions.coasting
425,26.510732,66.81,Actions.coasting
426,26.52931,66.95,Actions.coasting
427,26.547925,67.08,Actions.deceleration
428,26.566456,66.35,Actions.coasting
429,26.584907,66.49,Actions.coasting
430,26.603396,66.63,Actions.coasting
431,26.621922,66.76,Actions.coasting
432,26.640487,66.9,Actions.coasting
433,26.659089,67.03,Actions.deceleration
434,26.677607,66.31,Actions.coasting
435,26.696045,66.44,Actions.coasting
436,26.71452,66.58,Actions.coasting
437,26.733034,66.72,Actions.coasting
438,26.751585,66.85,Actions.coasting
439,26.770175,66.99,Actions.coasting
440,26.788801,67.12,Actions.deceleration
441,26.807335,66.23,Actions.coasting
442,26.825699,66.0,Actions.coasting
443,26.844,65.77,Actions.coasting
444,26.862236,65.54,Actions.coasting
445,26.880409,65.31,Actions.coasting
446,26.898517,65.08,Actions.coasting
447,26.916563,64.85,Actions.coasting
448,26.934545,64.62,Actions.coasting
449,26.952464,64.4,Actions.coasting
450,26.97032,64.17,Actions.coasting
451,26.988114,63.95,Actions.coasting
452,27.005846,63.72,Actions.coasting
453,27.023515,63.5,Actions.coasting
454,27.041123,63.28,Actions.coasting
455,27.058669,63.06,Actions.coasting
456,27.076153,62.84,Actions.acceleration
457,27.093683,63.37,Actions.coasting
458,27.111275,63.37,Actions.coasting
459,27.128897,63.5,Actions.coasting
460,27.146555,63.63,Actions.coasting
461,27.16425,63.76,Actions.coasting
462,27.18198,63.89,Actions.coasting
463,27.199746,64.02,Actions.coasting
464,27.217476,63.63,Actions.coasting
465,27.235095,63.23,Actions.coasting
466,27.252604,62.83,Actions.acceleration
467,27.270109,63.2,Actions.coasting
468,27.287607,62.8,Actions.acceleration
469,27.305102,63.16,Actions.coasting
470,27.32259,62.76,Actions.acceleration
471,27.340075,63.12,Actions.coasting
472,27.357553,62.73,Actions.acceleration
473,27.375028,63.09,Actions.coasting
474,27.392497,62.69,Actions.acceleration
475,27.409962,63.05,Actions.coasting
476,27.427421,62.66,Actions.acceleration
477,27.444877,63.02,Actions.coasting
478,27.462327,62.62,Actions.acceleration
479,27.479774,62.99,Actions.acceleration
480,27.497321,63.35,Actions.coasting
481,27.514861,62.95,Actions.acceleration
482,27.532397,63.31,Actions.coasting
483,27.549926,62.91,Actions.acceleration
484,27.567451,63.27,Actions.coasting
485,27.584969,62.87,Actions.acceleration
486,27.602483,63.23,Actions.coasting
487,27.619991,62.83,Actions.acceleration
488,27.637495,63.19,Actions.coasting
489,27.654993,62.79,Actions.acceleration
490,27.672486,63.16,Actions.coasting
491,27.689974,62.76,Actions.acceleration
492,27.70746,63.17,Actions.coasting
493,27.724967,62.88,Actions.acceleration
494,27.742501,63.35,Actions.coasting
495,27.760059,63.07,Actions.coasting
496,27.777538,62.77,Actions.acceleration
497,27.795034,63.2,Actions.coasting
498,27.812542,62.87,Actions.acceleration
499,27.830064,63.29,Actions.coasting
500,27.847598,62.96,Actions.acceleration
501,27.865151,63.41,Actions.coasting
502,27.882719,63.09,Actions.coasting
503,27.900201,62.78,Actions.acceleration
504,27.917703,63.23,Actions.coasting
505,27.935221,62.91,Actions.acceleration
506,27.952759,63.36,Actions.coasting
507,27.970314,63.04,Actions.coasting
508,27.987782,62.73,Actions.acceleration
509,28.005269,63.18,Actions.coasting
510,28.022774,62.86,Actions.acceleration
511,28.040299,63.31,Actions.coasting
512,28.05784,62.99,Actions.acceleration
513,28.0754,63.43,Actions.coasting
514,28.092977,63.12,Actions.coasting
515,28.110467,62.81,Actions.acceleration
516,28.127976,63.25,Actions.coasting
517,28.145502,62.94,Actions.acceleration
518,28.163048,63.38,Actions.coasting
519,28.18061,63.07,Actions.coasting
520,28.198086,62.76,Actions.acceleration
521,28.215636,63.65,Actions.coasting
522,28.233343,63.84,Actions.coasting
523,28.251102,64.03,Actions.coasting
524,28.268913,64.21,Actions.coasting
525,28.286777,64.4,Actions.coasting
526,28.304692,64.59,Actions.coasting
527,28.322659,64.77,Actions.coasting
528,28.340677,64.96,Actions.coasting
529,28.358747,65.14,Actions.coasting
530,28.376868,65.33,Actions.coasting
531,28.39504,65.51,Actions.coasting
532,28.413263,65.69,Actions.coasting
533,28.431536,65.87,Actions.coasting
534,28.44986,66.06,Actions.coasting
535,28.468234,66.24,Actions.coasting
536,28.486658,66.42,Actions.coasting
537,28.505127,66.48,Actions.coasting
538,28.523556,66.21,Actions.coasting
539,28.541912,65.95,Actions.coasting
540,28.560199,65.72,Actions.coasting
541,28.578422,65.49,Actions.coasting
542,28.596581,65.26,Actions.coasting
543,28.614677,65.03,Actions.coasting
544,28.632709,64.8,Actions.coasting
545,28.650678,64.58,Actions.coasting
546,28.668584,64.35,Actions.coasting
547,28.686428,64.12,Actions.coasting
548,28.704209,63.9,Actions.coasting
549,28.721927,63.68,Actions.coasting
550,28.739584,63.45,Actions.coasting
551,28.757179,63.23,Actions.coasting
552,28.774712,63.01,Actions.coasting
553,28.792184,62.79,Actions.acceleration
554,28.809701,63.33,Actions.coasting
555,28.82726,63.1,Actions.coasting
556,28.844758,62.88,Actions.acceleration
557,28.8623,63.42,Actions.coasting
558,28.879885,63.19,Actions.coasting
559,28.897408,62.97,Actions.acceleration
560,28.914976,63.51,Actions.coasting
561,28.932585,63.28,Actions.coasting
562,28.950133,63.06,Actions.coasting
563,28.967619,62.84,Actions.acceleration
564,28.985151,63.38,Actions.coasting
565,29.002724,63.15,Actions.coasting
566,29.020236,62.93,Actions.acceleration
567,29.037793,63.47,Actions.coasting
568,29.055392,63.25,Actions.coasting
569,29.072929,63.02,Actions.coasting
570,29.090404,62.8,Actions.acceleration
571,29.107925,63.34,Actions.coasting
572,29.125488,63.12,Actions.coasting
573,29.142989,62.9,Actions.acceleration
574,29.160535,63.43,Actions.coasting
575,29.178124,63.21,Actions.coasting
576,29.19565,62.99,Actions.acceleration
577,29.213222,63.52,Actions.coasting
578,29.230835,63.3,Actions.coasting
579,29.248386,63.08,Actions.coasting
580,29.265876,62.85,Actions.acceleration
581,29.283411,63.39,Actions.coasting
582,29.300988,63.17,Actions.coasting
583,29.318503,62.95,Actions.acceleration
584,29.336063,63.48,Actions.coasting
585,29.353665,63.26,Actions.coasting
586,29.371205,63.04,Actions.coasting
587,29.388684,62.81,Actions.acceleration
588,29.406208,63.35,Actions.coasting
589,29.423775,63.13,Actions.coasting
590,29.441279,62.91,Actions.acceleration
591,29.458829,63.44,Actions.coasting
592,29.47642,63.22,Actions.coasting
593,29.49395,63.0,Actions.acceleration
594,29.511524,63.53,Actions.coasting
595,29.529141,63.31,Actions.coasting
596,29.546695,63.09,Actions.coasting
597,29.564188,62.87,Actions.acceleration
598,29.581726,63.4,Actions.coasting
599,29.599306,63.18,Actions.coasting
600,29.616824,62.96,Actions.acceleration
601,29.634387,63.49,Actions.coasting
602,29.651992,63.27,Actions.coasting
603,29.669535,63.05,Actions.coasting
604,29.687017,62.83,Actions.acceleration
605,29.704544,63.36,Actions.coasting
606,29.722113,63.14,Actions.coasting
607,29.739621,62.92,Actions.acceleration
608,29.757173,63.45,Actions.coasting
609,29.774767,63.23,Actions.coasting
610,29.7923,63.01,Actions.coasting
611,29.809771,62.79,Actions.acceleration
612,29.827288,63.32,Actions.coasting
613,29.844846,63.08,Actions.coasting
614,29.862324,62.77,Actions.acceleration
615,29.879822,63.21,Actions.coasting
616,29.897336,62.9,Actions.acceleration
617,29.914869,63.34,Actions.coasting
618,29.932418,63.02,Actions.coasting
619,29.94988,62.71,Actions.acceleration
620,29.96736,63.15,Actions.coasting
621,29.984858,62.83,Actions.acceleration
622,30.002374,63.28,Actions.coasting
623,30.019907,62.96,Actions.acceleration
624,30.037458,63.4,Actions.coasting
625,30.055025,63.09,Actions.coasting
626,30.072504,62.77,Actions.acceleration
627,30.090003,63.21,Actions.coasting
628,30.107518,62.9,Actions.acceleration
629,30.125051,63.34,Actions.coasting
630,30.142601,63.02,Actions.coasting
631,30.160064,62.71,Actions.acceleration
632,30.177545,63.15,Actions.coasting
633,30.195043,62.84,Actions.acceleration
634,30.21256,63.28,Actions.coasting
635,30.230094,62.96,Actions.acceleration
636,30.247646,63.4,Actions.coasting
637,30.265213,63.09,Actions.coasting
638,30.282694,62.77,Actions.acceleration
639,30.300193,63.23,Actions.coasting
640,30.317725,63.01,Actions.coasting
641,30.335196,62.79,Actions.acceleration
642,30.352712,63.32,Actions.coasting
643,30.37027,63.1,Actions.coasting
644,30.387767,62.88,Actions.acceleration
645,30.405308,63.41,Actions.coasting
646,30.422892,63.19,Actions.coasting
647,30.440414,62.97,Actions.acceleration
648,30.45798,63.5,Actions.coasting
649,30.475589,63.28,Actions.coasting
650,30.493135,63.06,Actions.coasting
651,30.510621,62.84,Actions.acceleration
652,30.528151,63.37,Actions.coasting
653,30.545724,63.15,Actions.coasting
654,30.563235,62.93,Actions.acceleration
655,30.58079,63.46,Actions.coasting
656,30.598388,63.24,Actions.coasting
657,30.615924,63.02,Actions.coasting
658,30.633399,62.8,Actions.acceleration
659,30.650918,63.34,Actions.coasting
660,30.66848,63.11,Actions.coasting
661,30.685981,62.89,Actions.acceleration
662,30.703526,63.43,Actions.coasting
663,30.721113,63.2,Actions.coasting
664,30.738639,62.98,Actions.acceleration
665,30.756209,63.52,Actions.coasting
666,30.773822,63.29,Actions.coasting
667,30.791372,63.07,Actions.coasting
668,30.808861,62.85,Actions.acceleration
669,30.826395,63.39,Actions.coasting
670,30.843971,63.16,Actions.coasting
671,30.861485,62.94,Actions.acceleration
672,30.879045,63.48,Actions.coasting
673,30.896646,63.25,Actions.coasting
674,30.914185,63.03,Actions.coasting
675,30.931663,62.81,Actions.acceleration
676,30.949186,63.35,Actions.coasting
677,30.966752,63.13,Actions.coasting
678,30.984256,62.9,Actions.acceleration
679,31.001804,63.44,Actions.coasting
680,31.019395,63.22,Actions.coasting
681,31.036924,63.0,Actions.acceleration
682,31.054497,63.53,Actions.coasting
683,31.072113,63.31,Actions.coasting
684,31.089666,63.08,Actions.coasting
685,31.107159,62.86,Actions.acceleration
686,31.124696,63.4,Actions.coasting
687,31.142275,63.18,Actions.coasting
688,31.159792,62.95,Actions.acceleration
689,31.177355,63.49,Actions.coasting
690,31.194959,63.26,Actions.coasting
691,31.212501,63.04,Actions.coasting
692,31.229982,62.82,Actions.acceleration
693,31.247508,63.36,Actions.coasting
694,31.265077,63.14,Actions.coasting
695,31.282584,62.92,Actions.acceleration
696,31.300135,63.45,Actions.coasting
697,31.317729,63.23,Actions.coasting
698,31.335261,63.01,Actions.coasting
699,31.352731,62.78,Actions.acceleration
700,31.370247,63.32,Actions.coasting
701,31.387805,63.1,Actions.coasting
702,31.405301,62.88,Actions.acceleration
703,31.422843,63.41,Actions.coasting
704,31.440426,63.19,Actions.coasting
705,31.457948,62.97,Actions.acceleration
706,31.475515,63.5,Actions.coasting
707,31.493123,63.28,Actions.coasting
708,31.51067,63.06,Actions.coasting
709,31.528155,62.84,Actions.acceleration
710,31.545685,63.37,Actions.coasting
711,31.563257,63.15,Actions.coasting
712,31.580768,62.93,Actions.acceleration
713,31.598324,63.46,Actions.coasting
714,31.615921,63.24,Actions.coasting
715,31.633457,63.02,Actions.coasting
716,31.650932,62.8,Actions.acceleration
717,31.668451,63.33,Actions.coasting
718,31.686013,63.11,Actions.coasting
719,31.703514,62.89,Actions.acceleration
720,31.721059,63.43,Actions.coasting
721,31.738646,63.2,Actions.coasting
722,31.756172,62.98,Actions.acceleration
723,31.773742,63.52,Actions.coasting
724,31.791354,63.29,Actions.coasting
725,31.808904,63.07,Actions.coasting
726,31.826393,62.85,Actions.acceleration
727,31.843927,63.39,Actions.coasting
728,31.861503,63.16,Actions.coasting
729,31.879017,62.94,Actions.acceleration
730,31.896576,63.48,Actions.coasting
731,31.914177,63.25,Actions.coasting
732,31.931717,63.03,Actions.coasting
733,31.949195,62.81,Actions.acceleration
734,31.966718,63.35,Actions.coasting
735,31.984283,63.13,Actions.coasting
736,32.001787,62.9,Actions.acceleration
737,32.019335,63.44,Actions.coasting
738,32.036926,63.22,Actions.coasting
739,32.054455,62.99,Actions.acceleration
740,32.072028,63.53,Actions.coasting
741,32.089644,63.3,Actions.coasting
742,32.107197,63.08,Actions.coasting
743,32.124689,62.86,Actions.acceleration
744,32.142226,63.4,Actions.coasting
745,32.159805,63.17,Actions.coasting
746,32.177323,62.95,Actions.acceleration
747,32.194885,63.49,Actions.coasting
748,32.212489,63.26,Actions.coasting
749,32.230031,63.04,Actions.coasting
750,32.247512,62.82,Actions.acceleration
751,32.265038,63.36,Actions.coasting
752,32.282607,63.14,Actions.coasting
753,32.300113,62.91,Actions.acceleration
754,32.317665,63.45,Actions.coasting
755,32.335258,63.23,Actions.coasting
756,32.35279,63.01,Actions.coasting
757,32.370261,62.78,Actions.acceleration
758,32.387776,63.32,Actions.coasting
759,32.405334,63.1,Actions.coasting
760,32.422831,62.88,Actions.acceleration
761,32.440372,63.41,Actions.coasting
762,32.457955,63.19,Actions.coasting
763,32.475477,62.97,Actions.acceleration
764,32.493044,63.5,Actions.coasting
765,32.510652,63.28,Actions.coasting
766,32.528198,63.06,Actions.coasting
767,32.545684,62.84,Actions.acceleration
768,32.563214,63.37,Actions.coasting
769,32.580786,63.15,Actions.coasting
770,32.598297,62.93,Actions.acceleration
771,32.615852,63.46,Actions.coasting
772,32.63345,63.24,Actions.coasting
773,32.650986,63.02,Actions.coasting
774,32.66846,62.8,Actions.acceleration
775,32.68598,63.33,Actions.coasting
776,32.703541,63.11,Actions.coasting
777,32.721042,62.89,Actions.acceleration
778,32.738587,63.43,Actions.coasting
779,32.756174,63.2,Actions.coasting
780,32.7737,62.98,Actions.acceleration
781,32.79127,63.52,Actions.coasting
782,32.808882,63.29,Actions.coasting
783,32.826432,63.07,Actions.coasting
784,32.843921,62.85,Actions.acceleration
785,32.861454,63.39,Actions.coasting
786,32.87903,63.16,Actions.coasting
787,32.896545,62.94,Actions.acceleration
788,32.914104,63.48,Actions.coasting
789,32.931705,63.25,Actions.coasting
790,32.949244,63.03,Actions.coasting
791,32.966722,62.81,Actions.acceleration
792,32.984245,63.35,Actions.coasting
793,33.00181,63.13,Actions.coasting
794,33.019314,62.9,Actions.acceleration
795,33.036862,63.44,Actions.coasting
796,33.054453,63.22,Actions.coasting
797,33.071982,62.99,Actions.acceleration
798,33.089555,63.53,Actions.coasting
799,33.10717,63.3,Actions.coasting
800,33.124724,63.08,Actions.coasting
801,33.142216,62.86,Actions.acceleration
802,33.159753,63.4,Actions.coasting
803,33.177332,63.17,Actions.coasting
804,33.194849,62.95,Actions.acceleration
805,33.212411,63.49,Actions.coasting
806,33.230015,63.26,Actions.coasting
807,33.247558,63.04,Actions.coasting
808,33.265039,62.82,Actions.acceleration
809,33.282564,63.36,Actions.coasting
810,33.300133,63.14,Actions.coasting
811,33.317639,62.91,Actions.acceleration
812,33.335191,63.45,Actions.coasting
813,33.352784,63.23,Actions.coasting
814,33.370316,63.01,Actions.coasting
815,33.387786,62.78,Actions.acceleration
816,33.405302,63.32,Actions.coasting
817,33.42286,63.1,Actions.coasting
818,33.440356,62.88,Actions.acceleration
819,33.457898,63.41,Actions.coasting
820,33.475481,63.19,Actions.coasting
821,33.493003,62.97,Actions.acceleration
822,33.510569,63.5,Actions.coasting
823,33.528177,63.28,Actions.coasting
824,33.545724,63.06,Actions.coasting
825,33.563209,62.84,Actions.acceleration
826,33.580739,63.37,Actions.coasting
827,33.598311,63.15,Actions.coasting
828,33.615822,62.93,Actions.acceleration
829,33.633377,63.46,Actions.coasting
830,33.650975,63.24,Actions.coasting
831,33.668511,63.02,Actions.coasting
832,33.685985,62.8,Actions.acceleration
833,33.703504,63.33,Actions.coasting
834,33.721066,63.11,Actions.coasting
835,33.738566,62.89,Actions.acceleration
836,33.756112,63.43,Actions.coasting
837,33.773699,63.2,Actions.coasting
838,33.791224,62.98,Actions.acceleration
839,33.808794,63.52,Actions.coasting
840,33.826406,63.29,Actions.coasting
841,33.843956,63.07,Actions.coasting
842,33.861445,62.85,Actions.acceleration
843,33.878979,63.39,Actions.coasting
844,33.896555,63.16,Actions.coasting
845,33.914069,62.94,Actions.acceleration
846,33.931628,63.48,Actions.coasting
847,33.949229,63.25,Actions.coasting
848,33.966768,63.03,Actions.coasting
849,33.984246,62.81,Actions.acceleration
850,34.001769,63.35,Actions.coasting
851,34.019334,63.12,Actions.coasting
852,34.036838,62.9,Actions.acceleration
853,34.054386,63.44,Actions.coasting
854,34.071977,63.22,Actions.coasting
855,34.089506,62.99,Actions.acceleration
856,34.107079,63.53,Actions.coasting
857,34.124694,63.3,Actions.coasting
858,34.142248,63.08,Actions.coasting
859,34.15974,62.86,Actions.acceleration
860,34.177276,63.4,Actions.coasting
861,34.194855,63.17,Actions.coasting
862,34.212373,62.95,Actions.acceleration
863,34.229935,63.49,Actions.coasting
864,34.247539,63.26,Actions.coasting
865,34.265081,63.04,Actions.coasting
866,34.282562,62.82,Actions.acceleration
867,34.300088,63.36,Actions.coasting
868,34.317656,63.14,Actions.coasting
869,34.335163,62.91,Actions.acceleration
870,34.352714,63.45,Actions.coasting
871,34.370308,63.23,Actions.coasting
872,34.387839,63.0,Actions.coasting
873,34.40531,62.78,Actions.acceleration
874,34.422825,63.32,Actions.coasting
875,34.440383,63.1,Actions.coasting
876,34.45788,62.88,Actions.acceleration
877,34.475421,63.41,Actions.coasting
878,34.493004,63.19,Actions.coasting
879,34.510526,62.97,Actions.acceleration
880,34.528092,63.5,Actions.coasting
881,34.5457,63.28,Actions.coasting
882,34.563247,63.06,Actions.coasting
883,34.580732,62.84,Actions.acceleration
884,34.598262,63.37,Actions.coasting
885,34.615834,63.15,Actions.coasting
886,34.633345,62.93,Actions.acceleration
887,34.6509,63.46,Actions.coasting
888,34.668498,63.24,Actions.coasting
889,34.686033,63.02,Actions.coasting
890,34.703508,62.8,Actions.acceleration
891,34.721027,63.33,Actions.coasting
892,34.738589,63.11,Actions.coasting
893,34.756089,62.89,Actions.acceleration
894,34.773634,63.43,Actions.coasting
895,34.791221,63.2,Actions.coasting
896,34.808747,62.98,Actions.acceleration
897,34.826317,63.52,Actions.coasting
898,34.843929,63.29,Actions.coasting
899,34.861479,63.07,Actions.coasting
900,34.878968,62.85,Actions.acceleration
901,34.896501,63.39,Actions.coasting
902,34.914077,63.16,Actions.coasting
903,34.931592,62.94,Actions.acceleration
904,34.949151,63.48,Actions.coasting
905,34.966751,63.25,Actions.coasting
906,34.984291,63.03,Actions.coasting
907,35.001769,62.81,Actions.acceleration
908,35.019291,63.35,Actions.coasting
909,35.036857,63.12,Actions.coasting
910,35.05436,62.9,Actions.acceleration
911,35.071909,63.44,Actions.coasting
912,35.089499,63.22,Actions.coasting
913,35.107028,62.99,Actions.acceleration
914,35.124601,63.53,Actions.coasting
915,35.142216,63.3,Actions.coasting
916,35.15977,63.08,Actions.coasting
917,35.177262,62.86,Actions.acceleration
918,35.194799,63.4,Actions.coasting
919,35.212378,63.17,Actions.coasting
920,35.229895,62.95,Actions.acceleration
921,35.247457,63.49,Actions.coasting
922,35.265061,63.26,Actions.coasting
923,35.282603,63.04,Actions.coasting
924,35.300084,62.82,Actions.acceleration
925,35.31761,63.36,Actions.coasting
926,35.335178,63.14,Actions.coasting
927,35.352685,62.91,Actions.acceleration
928,35.370236,63.45,Actions.coasting
929,35.387829,63.23,Actions.coasting
930,35.405361,63.0,Actions.coasting
931,35.422832,62.78,Actions.acceleration
932,35.440347,63.32,Actions.coasting
933,35.457905,63.1,Actions.coasting
934,35.475401,62.88,Actions.acceleration
935,35.492943,63.41,Actions.coasting
936,35.510526,63.19,Actions.coasting
937,35.528048,62.97,Actions.acceleration
938,35.545614,63.5,Actions.coasting
939,35.563222,63.28,Actions.coasting
940,35.580769,63.06,Actions.coasting
941,35.598254,62.84,Actions.acceleration
942,35.615784,63.37,Actions.coasting
943,35.633356,63.15,Actions.coasting
944,35.650867,62.93,Actions.acceleration
945,35.668422,63.46,Actions.coasting
946,35.686019,63.24,Actions.coasting
947,35.703555,63.02,Actions.coasting
948,35.721029,62.8,Actions.acceleration
949,35.738549,63.33,Actions.coasting
950,35.75611,63.11,Actions.coasting
951,35.773611,62.89,Actions.acceleration
952,35.791156,63.43,Actions.coasting
953,35.808743,63.2,Actions.coasting
954,35.826268,62.98,Actions.acceleration
955,35.843838,63.51,Actions.coasting
956,35.86145,63.29,Actions.coasting
957,35.879,63.07,Actions.coasting
958,35.896489,62.85,Actions.acceleration
959,35.914023,63.39,Actions.coasting
960,35.931599,63.16,Actions.coasting
961,35.949113,62.94,Actions.acceleration
962,35.966672,63.48,Actions.coasting
963,35.984273,63.25,Actions.coasting
964,36.001812,63.03,Actions.coasting
965,36.01929,62.81,Actions.acceleration
966,36.036813,63.35,Actions.coasting
967,36.054378,63.12,Actions.coasting
968,36.071881,62.9,Actions.acceleration
969,36.08943,63.44,Actions.coasting
970,36.10702,63.22,Actions.coasting
971,36.124549,62.99,Actions.acceleration
972,36.142122,63.53,Actions.coasting
973,36.159737,63.3,Actions.coasting
974,36.177291,63.08,Actions.coasting
975,36.194783,62.86,Actions.acceleration
976,36.21232,63.4,Actions.coasting
977,36.229899,63.17,Actions.coasting
978,36.247416,62.95,Actions.acceleration
979,36.264978,63.49,Actions.coasting
980,36.282582,63.26,Actions.coasting
981,36.300124,63.04,Actions.coasting
982,36.317605,62.82,Actions.acceleration
983,36.335131,63.36,Actions.coasting
984,36.352699,63.14,Actions.coasting
985,36.370206,62.91,Actions.acceleration
986,36.387757,63.45,Actions.coasting
987,36.40535,63.23,Actions.coasting
988,36.422882,63.0,Actions.coasting
989,36.440352,62.78,Actions.acceleration
990,36.457868,63.32,Actions.coasting
991,36.475426,63.1,Actions.coasting
992,36.492922,62.88,Actions.acceleration
993,36.510463,63.41,Actions.coasting
994,36.528047,63.19,Actions.coasting
995,36.545568,62.97,Actions.acceleration
996,36.563135,63.5,Actions.coasting
997,36.580743,63.28,Actions.coasting
998,36.598289,63.06,Actions.coasting
999,36.615774,62.84,Actions.acceleration
1000,36.633304,63.37,Actions.coasting
1001,36.650877,63.15,Actions.coasting
1002,36.668387,62.93,Actions.acceleration
1003,36.685943,63.46,Actions.coasting
1004,36.70354,63.24,Actions.coasting
1005,36.721076,63.02,Actions.coasting
1006,36.73855,62.8,Actions.acceleration
1007,36.756069,63.33,Actions.coasting
1008,36.773631,63.11,Actions.coasting
1009,36.791131,62.89,Actions.acceleration
1010,36.808676,63.43,Actions.coasting
1011,36.826263,63.2,Actions.coasting
1012,36.843789,62.98,Actions.acceleration
1013,36.861359,63.51,Actions.coasting
1014,36.878971,63.29,Actions.coasting
1015,36.896521,63.07,Actions.coasting
1016,36.91401,62.85,Actions.acceleration
1017,36.931543,63.39,Actions.coasting
1018,36.949119,63.16,Actions.coasting
1019,36.966633,62.94,Actions.acceleration
1020,36.984192,63.48,Actions.coasting
1021,37.001793,63.25,Actions.coasting
1022,37.019332,63.03,Actions.coasting
1023,37.03681,62.81,Actions.acceleration
1024,37.054333,63.35,Actions.coasting
1025,37.071898,63.12,Actions.coasting
1026,37.089402,62.9,Actions.acceleration
1027,37.10695,63.44,Actions.coasting
1028,37.124541,63.22,Actions.coasting
1029,37.142069,62.99,Actions.acceleration
1030,37.159643,63.53,Actions.coasting
1031,37.177258,63.3,Actions.coasting
1032,37.194811,63.08,Actions.coasting
1033,37.212303,62.86,Actions.acceleration
1034,37.22984,63.4,Actions.coasting
1035,37.247419,63.17,Actions.coasting
1036,37.264936,62.95,Actions.acceleration
1037,37.282498,63.49,Actions.coasting
1038,37.300102,63.26,Actions.coasting
1039,37.317645,63.04,Actions.coasting
1040,37.335125,62.82,Actions.acceleration
1041,37.352651,63.36,Actions.coasting
1042,37.370219,63.14,Actions.coasting
1043,37.387726,62.91,Actions.acceleration
1044,37.405277,63.45,Actions.coasting
1045,37.422871,63.23,Actions.coasting
1046,37.440402,63.0,Actions.coasting
1047,37.457873,62.78,Actions.acceleration
1048,37.475388,63.32,Actions.coasting
1049,37.492946,63.1,Actions.coasting
1050,37.510442,62.88,Actions.acceleration
1051,37.527984,63.41,Actions.coasting
1052,37.545567,63.19,Actions.coasting
1053,37.563089,62.97,Actions.acceleration
1054,37.580655,63.5,Actions.coasting
1055,37.598263,63.28,Actions.coasting
1056,37.615809,63.06,Actions.coasting
1057,37.633295,62.84,Actions.acceleration
1058,37.650825,63.37,Actions.coasting
1059,37.668397,63.15,Actions.coasting
1060,37.685907,62.93,Actions.acceleration
1061,37.703463,63.46,Actions.coasting
1062,37.72106,63.24,Actions.coasting
1063,37.738596,63.02,Actions.coasting
1064,37.75607,62.8,Actions.acceleration
1065,37.77359,63.33,Actions.coasting
1066,37.791151,63.11,Actions.coasting
1067,37.808651,62.89,Actions.acceleration
1068,37.826196,63.43,Actions.coasting
1069,37.843784,63.2,Actions.coasting
1070,37.861309,62.98,Actions.acceleration
1071,37.878879,63.51,Actions.coasting
1072,37.896491,63.29,Actions.coasting
1073,37.914041,63.07,Actions.coasting
1074,37.93153,62.85,Actions.acceleration
1075,37.949063,63.39,Actions.coasting
1076,37.966639,63.16,Actions.coasting
1077,37.984153,62.94,Actions.acceleration
1078,38.001712,63.48,Actions.coasting
1079,38.019313,63.25,Actions.coasting
1080,38.036852,63.03,Actions.coasting
1081,38.05433,62.81,Actions.acceleration
1082,38.071853,63.35,Actions.coasting
1083,38.089418,63.12,Actions.coasting
1084,38.106922,62.9,Actions.acceleration
1085,38.12447,63.44,Actions.coasting
1086,38.142061,63.22,Actions.coasting
1087,38.159589,62.99,Actions.acceleration
1088,38.177163,63.53,Actions.coasting
1089,38.194778,63.3,Actions.coasting
1090,38.212331,63.08,Actions.coasting
1091,38.229823,62.86,Actions.acceleration
1092,38.24736,63.4,Actions.coasting
1093,38.264939,63.17,Actions.coasting
1094,38.282456,62.95,Actions.acceleration
1095,38.300018,63.49,Actions.coasting
1096,38.317622,63.26,Actions.coasting
1097,38.335164,63.04,Actions.coasting
1098,38.352645,62.82,Actions.acceleration
1099,38.370171,63.36,Actions.coasting
1100,38.387739,63.14,Actions.coasting
1101,38.405246,62.91,Actions.acceleration
1102,38.422797,63.45,Actions.coasting
1103,38.440391,63.23,Actions.coasting
1104,38.457922,63.0,Actions.coasting
1105,38.475393,62.78,Actions.acceleration
1106,38.492908,63.32,Actions.coasting
1107,38.510466,63.1,Actions.coasting
1108,38.527962,62.88,Actions.acceleration
1109,38.545503,63.41,Actions.coasting
1110,38.563087,63.19,Actions.coasting
1111,38.580608,62.97,Actions.acceleration
1112,38.598175,63.5,Actions.coasting
1113,38.615783,63.28,Actions.coasting
1114,38.633329,63.06,Actions.coasting
1115,38.650814,62.84,Actions.acceleration
1116,38.668344,63.37,Actions.coasting
1117,38.685917,63.15,Actions.coasting
1118,38.703427,62.93,Actions.acceleration
1119,38.720983,63.46,Actions.coasting
1120,38.73858,63.24,Actions.coasting
1121,38.756116,63.02,Actions.coasting
1122,38.77359,62.8,Actions.acceleration
1123,38.791109,63.33,Actions.coasting
1124,38.808671,63.11,Actions.coasting
1125,38.826171,62.89,Actions.acceleration
1126,38.843716,63.43,Actions.coasting
1127,38.861303,63.2,Actions.coasting
1128,38.878829,62.98,Actions.acceleration
1129,38.896399,63.51,Actions.coasting
1130,38.914011,63.29,Actions.coasting
1131,38.931561,63.07,Actions.coasting
1132,38.94905,62.85,Actions.acceleration
1133,38.966583,63.39,Actions.coasting
1134,38.984159,63.16,Actions.coasting
1135,39.001673,62.94,Actions.acceleration
1136,39.019232,63.48,Actions.coasting
1137,39.036833,63.25,Actions.coasting
1138,39.054372,63.03,Actions.coasting
1139,39.07185,62.81,Actions.acceleration
1140,39.089373,63.35,Actions.coasting
1141,39.106938,63.12,Actions.coasting
1142,39.124442,62.9,Actions.acceleration
1143,39.14199,63.44,Actions.coasting
1144,39.15958,63.22,Actions.coasting
1145,39.177109,62.99,Actions.acceleration
1146,39.194682,63.53,Actions.coasting
1147,39.212297,63.3,Actions.coasting
1148,39.229851,63.08,Actions.coasting
1149,39.247343,62.86,Actions.acceleration
1150,39.26488,63.4,Actions.coasting
1151,39.282459,63.17,Actions.coasting
1152,39.299976,62.95,Actions.acceleration
1153,39.317538,63.49,Actions.coasting
1154,39.335142,63.26,Actions.coasting
1155,39.352684,63.04,Actions.coasting
1156,39.370165,62.82,Actions.acceleration
1157,39.387691,63.36,Actions.coasting
1158,39.405259,63.14,Actions.coasting
1159,39.422766,62.91,Actions.acceleration
1160,39.440317,63.45,Actions.coasting
1161,39.45791,63.23,Actions.coasting
1162,39.475442,63.0,Actions.coasting
1163,39.492912,62.78,Actions.acceleration
1164,39.510428,63.32,Actions.coasting
1165,39.527985,63.1,Actions.coasting
1166,39.545482,62.88,Actions.acceleration
1167,39.563023,63.41,Actions.coasting
1168,39.580606,63.19,Actions.coasting
1169,39.598128,62.97,Actions.acceleration
1170,39.615694,63.5,Actions.coasting
1171,39.633302,63.28,Actions.coasting
1172,39.650849,63.06,Actions.coasting
1173,39.668334,62.84,Actions.acceleration
1174,39.685864,63.37,Actions.coasting
1175,39.703436,63.15,Actions.coasting
1176,39.720947,62.93,Actions.acceleration
1177,39.738502,63.46,Actions.coasting
1178,39.756099,63.24,Actions.coasting
1179,39.773635,63.02,Actions.coasting
1180,39.791109,62.8,Actions.acceleration
1181,39.808629,63.33,Actions.coasting
1182,39.826191,63.11,Actions.coasting
1183,39.843691,62.89,Actions.acceleration
1184,39.861236,63.43,Actions.coasting
1185,39.878823,63.2,Actions.coasting
1186,39.896348,62.98,Actions.acceleration
1187,39.913918,63.51,Actions.coasting
1188,39.93153,63.29,Actions.coasting
1189,39.94908,63.07,Actions.coasting
1190,39.966569,62.85,Actions.acceleration
1191,39.984103,63.38,Actions.coasting
1192,40.001678,63.16,Actions.coasting
1193,40.019193,62.94,Actions.acceleration
1194,40.036752,63.48,Actions.coasting
1195,40.054352,63.25,Actions.coasting
1196,40.071892,63.03,Actions.coasting
1197,40.089369,62.81,Actions.acceleration
1198,40.106892,63.35,Actions.coasting
1199,40.124457,63.12,Actions.coasting
